ページ,URL
TOP,https://welabo-site.vercel.app/
Concept,https://welabo-site.vercel.app/concept
Products,https://welabo-site.vercel.app/products
Products Detail (LUXURY NMN 15000),https://welabo-site.vercel.app/products/luxury-nmn-15000
Products Detail (LUXURY PROBIOTICS+),https://welabo-site.vercel.app/products/luxury-probiotics
Products Detail (本草霊芝胞子),https://welabo-site.vercel.app/products/honsoureishihoushi
News,https://welabo-site.vercel.app/news
News Detail (受賞記事),https://welabo-site.vercel.app/news/1507
Company,https://welabo-site.vercel.app/company
Shoplist,https://welabo-site.vercel.app/stockists
Contact,https://welabo-site.vercel.app/contact
Shopping,https://welabo-site.vercel.app/shopping
Shopping Detail (LUXURY NMN 15000),https://welabo-site.vercel.app/shopping/luxury-nmn-15000
Shopping Detail (LUXURY PROBIOTICS+),https://welabo-site.vercel.app/shopping/luxury-probiotics
Shopping Guide,https://welabo-site.vercel.app/shopping/guide
Cart,https://welabo-site.vercel.app/cart
Checkout Step01,https://welabo-site.vercel.app/checkout/step01
Checkout Step02,https://welabo-site.vercel.app/checkout/step02
Checkout Step03,https://welabo-site.vercel.app/checkout/step03
Login,https://welabo-site.vercel.app/login
Register,https://welabo-site.vercel.app/register

